{
    "name": "jquery_inputmask",
    "repository": "robinherbots/jquery.inputmask",
    "description": "jquery.inputmask is a jquery plugin which create an input mask.",
    "version": "3.1.64-101",
    "keywords": [ "jquery", "plugins", "input", "form", "inputmask", "mask" ],
    "main": "./dist/jquery.inputmask.bundle.js",
    "scripts": [
        "./dist/jquery.inputmask.bundle.js",
        "./dist/inputmask/jquery.inputmask.js",
        "./dist/inputmask/inputmask.js",
        "./dist/inputmask/inputmask.extensions.js",
        "./dist/inputmask/inputmask.date.extensions.js",
        "./dist/inputmask/inputmask.numeric.extensions.js",
        "./dist/inputmask/inputmask.phone.extensions.js",
        "./dist/inputmask/inputmask.regex.extensions.js",
        "./extra/phone-codes/phone-be.js",
        "./extra/phone-codes/phone-codes.js",
        "./extra/phone-codes/phone-nl.js",
        "./extra/phone-codes/phone-ru.js",
        "./extra/phone-codes/phone-uk.js"
    ],
    "dependencies": {
        "components/jquery": ">=1.7"
    },
    "license": "MIT"
}
